category,key
biomes,Data/BiomeProfiles/Desert
biomes,Data/BiomeProfiles/Forest
biomes,Data/BiomeProfiles/SnowForestC
blockGroups,Data/BlockGroups/ClayBlocks
blockGroups,Data/BlockGroups/GrassBlocks
blockGroups,Data/BlockGroups/SandBlocks
blockGroups,Data/BlockGroups/SnowBlocks
blockGroups,Data/BlockGroups/UnderwaterDirtBlocks
blockGroups,Data/BlockGroups/WoodenFloorBlocks
blocks,Data/Blocks/ClayBlocks/ClayBlock
blocks,Data/Blocks/DirtBlocks/dirtBlock
blocks,Data/Blocks/DirtBlocks/dirtBlock 1
blocks,Data/Blocks/DirtBlocks/dirtBlock 2
blocks,Data/Blocks/DirtBlocks/dirtBlock 3
blocks,Data/Blocks/DirtBlocks/dirtBlock 4
blocks,Data/Blocks/GrassBlocks/GrassBlock
blocks,Data/Blocks/GrassBlocks/GrassBlock2
blocks,Data/Blocks/GrassBlocks/GrassBlock3
blocks,Data/Blocks/GrassBlocks/GrassBlock4
blocks,Data/Blocks/GrassBlocks/GrassBlock5
blocks,Data/Blocks/GrassBlocks/GrassBlock6
blocks,Data/Blocks/GrassBlocks/GrassBlock7
blocks,Data/Blocks/GrassBlocks/GrassBlock8
blocks,Data/Blocks/SandBlocks/SandBlock
blocks,Data/Blocks/SandBlocks/SandBlock 1
blocks,Data/Blocks/SandBlocks/SandBlock 2
blocks,Data/Blocks/SandBlocks/SandBlock 3
blocks,Data/Blocks/SandBlocks/SandBlock 4
blocks,Data/Blocks/SandBlocks/SandBlock 5
blocks,Data/Blocks/SandBlocks/SandBlock 6
blocks,Data/Blocks/SnowBlocks/SnowBlock
blocks,Data/Blocks/SnowBlocks/SnowBlock 1
blocks,Data/Blocks/SnowBlocks/SnowBlock 2
blocks,Data/Blocks/SnowBlocks/SnowBlock 3
blocks,Data/Blocks/SnowBlocks/SnowBlock 4
blocks,Data/Blocks/SnowBlocks/SnowBlock 5
blocks,Data/Blocks/SnowBlocks/SnowBlock 6
blocks,Data/Blocks/SnowBlocks/SnowBlock 7
blocks,Data/Blocks/SnowBlocks/SnowBlock 8
blocks,Data/Blocks/SoilBlocks/Soil
blocks,Data/Blocks/SpecialBlocks/TransparentBlock
blocks,Data/Blocks/WaterBlocks/WaterBlock
blocks,Data/Blocks/WoodFloorBlocks/WoodFlootBlock 10
blocks,Data/Blocks/WoodFloorBlocks/WoodFlootBlock 11
blocks,Data/Blocks/WoodFloorBlocks/WoodFlootBlock 12
blocks,Data/Blocks/WoodFloorBlocks/WoodFlootBlock 2
blocks,Data/Blocks/WoodFloorBlocks/WoodFlootBlock 3
blocks,Data/Blocks/WoodFloorBlocks/WoodFlootBlock 4
blocks,Data/Blocks/WoodFloorBlocks/WoodFlootBlock 5
blocks,Data/Blocks/WoodFloorBlocks/WoodFlootBlock 6
blocks,Data/Blocks/WoodFloorBlocks/WoodFlootBlock 7
blocks,Data/Blocks/WoodFloorBlocks/WoodFlootBlock 8
blocks,Data/Blocks/WoodFloorBlocks/WoodFlootBlock 9
blocks,Data/Blocks/WoodFloorBlocks/WoodFlootBlock1
blocks,Data/Items/BlockItems/DirtBlock
blocks,Data/Items/BlockItems/GrassBlock
blocks,Data/Items/BlockItems/SandBlock
blocks,Data/Items/BlockItems/SnowBlock
blocks,Obj/Products/Blocks/Bridge
items,Data/Items/ElixirItems/FireElixir
items,Data/Items/ElixirItems/IceElixir
items,Data/Items/ElixirItems/LuminanceElixir
items,Data/Items/ElixirItems/MightyElixir
items,Data/Items/ElixirItems/SpeedElixir
items,Data/Items/ElixirItems/ToughElixir
items,Data/Items/FoodItems/BakedPotato
items,Data/Items/FoodItems/Berries
items,Data/Items/FoodItems/Bread
items,Data/Items/FoodItems/Carrot
items,Data/Items/FoodItems/CookedMeat
items,Data/Items/FoodItems/RoastedMushroomSkewer
items,Data/Items/PotionItems/HealingPotion
items,Data/Items/PotionItems/PoisonPotion
items,Data/Items/PotionItems/VoidPotion
items,Data/Items/ResourcesItems/Bone
items,Data/Items/ResourcesItems/Book
items,Data/Items/ResourcesItems/Brick
items,Data/Items/ResourcesItems/Cactus
items,Data/Items/ResourcesItems/CactusSap
items,Data/Items/ResourcesItems/Chilli
items,Data/Items/ResourcesItems/Clay
items,Data/Items/ResourcesItems/Coal
items,Data/Items/ResourcesItems/Copper
items,Data/Items/ResourcesItems/CopperOre
items,Data/Items/ResourcesItems/ElixirBottle
items,Data/Items/ResourcesItems/Fabric
items,Data/Items/ResourcesItems/Fibers
items,Data/Items/ResourcesItems/Fish
items,Data/Items/ResourcesItems/Flour
items,Data/Items/ResourcesItems/Frogtuft
items,Data/Items/ResourcesItems/FrostCap
items,Data/Items/ResourcesItems/GateCrystal
items,Data/Items/ResourcesItems/Glass
items,Data/Items/ResourcesItems/GlassBottle
items,Data/Items/ResourcesItems/Gold
items,Data/Items/ResourcesItems/GoldOre
items,Data/Items/ResourcesItems/Goldgill
items,Data/Items/ResourcesItems/HoneyJar
items,Data/Items/ResourcesItems/Honeycomb
items,Data/Items/ResourcesItems/Iron
items,Data/Items/ResourcesItems/IronOre
items,Data/Items/ResourcesItems/Jar
items,Data/Items/ResourcesItems/Leather
items,Data/Items/ResourcesItems/Limestone
items,Data/Items/ResourcesItems/Meat
items,Data/Items/ResourcesItems/MoonQuarz
items,Data/Items/ResourcesItems/Muddlecaps
items,Data/Items/ResourcesItems/Mushroom
items,Data/Items/ResourcesItems/NoItem
items,Data/Items/ResourcesItems/Panlings
items,Data/Items/ResourcesItems/Paper
items,Data/Items/ResourcesItems/Pumpkin
items,Data/Items/ResourcesItems/Rope
items,Data/Items/ResourcesItems/RustBole
items,Data/Items/ResourcesItems/Sand
items,Data/Items/ResourcesItems/SandStone
items,Data/Items/ResourcesItems/Sandsponge
items,Data/Items/ResourcesItems/ShellFragment
items,Data/Items/ResourcesItems/Slime
items,Data/Items/ResourcesItems/Steel
items,Data/Items/ResourcesItems/Stone
items,Data/Items/ResourcesItems/SugarBeet
items,Data/Items/ResourcesItems/SunhatShroom
items,Data/Items/ResourcesItems/Syrup
items,Data/Items/ResourcesItems/Toadstool
items,Data/Items/ResourcesItems/TreeSap
items,Data/Items/ResourcesItems/VoidDust
items,Data/Items/ResourcesItems/VoidRoot
items,Data/Items/ResourcesItems/WaterBottle
items,Data/Items/ResourcesItems/Wheat
items,Data/Items/ResourcesItems/Whitebutton
items,Data/Items/ResourcesItems/Wood
items,Data/Items/ResourcesItems/glowFlowerLeave
items,Obj/Products/Recources/BakedPotato
items,Obj/Products/Recources/Book
items,Obj/Products/Recources/Bread
items,Obj/Products/Recources/Brick
items,Obj/Products/Recources/CactusSap
items,Obj/Products/Recources/CarrotSeeds
items,Obj/Products/Recources/Cloth
items,Obj/Products/Recources/CookedMeat
items,Obj/Products/Recources/Copper
items,Obj/Products/Recources/Copper(Kiln)
items,Obj/Products/Recources/Flour
items,Obj/Products/Recources/GateCrystal
items,Obj/Products/Recources/Glass
items,Obj/Products/Recources/GlassBottle
items,Obj/Products/Recources/Gold
items,Obj/Products/Recources/Gold(Kiln)
items,Obj/Products/Recources/HealingPotion
items,Obj/Products/Recources/HoneyJar
items,Obj/Products/Recources/Honeycomb
items,Obj/Products/Recources/Iron
items,Obj/Products/Recources/Iron(kiln)
items,Obj/Products/Recources/Jar
items,Obj/Products/Recources/LuminanceElixir
items,Obj/Products/Recources/MightyElixir
items,Obj/Products/Recources/Paper
items,Obj/Products/Recources/PoisonPotion
items,Obj/Products/Recources/PumpkinSeeds
items,Obj/Products/Recources/RoastedMushroomSkewer
items,Obj/Products/Recources/Rope
items,Obj/Products/Recources/Steel
items,Obj/Products/Recources/SugarBeetSeeds
items,Obj/Products/Recources/Syrup
items,Obj/Products/Recources/ToughElixir
items,Obj/Products/Recources/VoidDust
items,Obj/Products/Recources/WaterBottle
items,Obj/Products/Recources/elixirBottle
items,Obj/Products/Recources/fireElixir
items,Obj/Products/Recources/iceElexir
items,Obj/Products/Recources/speedElixir
items,Obj/Products/Recources/voidPotion
placeables,Data/Items/PlaceableItem/Acorn
placeables,Data/Items/PlaceableItem/Anvil
placeables,Data/Items/PlaceableItem/Bed
placeables,Data/Items/PlaceableItem/BeeHive
placeables,Data/Items/PlaceableItem/BirchSeed
placeables,Data/Items/PlaceableItem/Bridge
placeables,Data/Items/PlaceableItem/CarrotSeeds
placeables,Data/Items/PlaceableItem/Chest
placeables,Data/Items/PlaceableItem/Coconut
placeables,Data/Items/PlaceableItem/Composter
placeables,Data/Items/PlaceableItem/CookingPot
placeables,Data/Items/PlaceableItem/CraftingTable
placeables,Data/Items/PlaceableItem/Extractor
placeables,Data/Items/PlaceableItem/FirePit
placeables,Data/Items/PlaceableItem/Furnace
placeables,Data/Items/PlaceableItem/House
placeables,Data/Items/PlaceableItem/Kiln
placeables,Data/Items/PlaceableItem/MagicTable
placeables,Data/Items/PlaceableItem/MapleKey
placeables,Data/Items/PlaceableItem/Pillar
placeables,Data/Items/PlaceableItem/PineCone
placeables,Data/Items/PlaceableItem/Potato
placeables,Data/Items/PlaceableItem/PumpkinSeeds
placeables,Data/Items/PlaceableItem/SewingStation
placeables,Data/Items/PlaceableItem/SogarBeetSeed
placeables,Data/Items/PlaceableItem/StonePath
placeables,Data/Items/PlaceableItem/TeleportPillar
placeables,Data/Items/PlaceableItem/VoIdRootSeed
placeables,Data/Items/PlaceableItem/Well
placeables,Data/Items/PlaceableItem/WheatCrop
placeables,Data/Items/PlaceableItem/Windmill
placeables,Data/Items/PlaceableItem/WoodFens
placeables,Data/Items/PlaceableItem/WoodGate
placeables,Data/Items/PlaceableItem/WoodLantern
placeables,Data/Items/PlaceableItem/WoodPath
placeables,Data/Items/PlaceableItem/Workbench
tools,Data/Items/ToolItems/CopperAxe
tools,Data/Items/ToolItems/CopperHoe
tools,Data/Items/ToolItems/CopperPickaxe
tools,Data/Items/ToolItems/CopperShovel
tools,Data/Items/ToolItems/CopperSword
tools,Data/Items/ToolItems/IronAxe
tools,Data/Items/ToolItems/IronHoe
tools,Data/Items/ToolItems/IronPickaxe
tools,Data/Items/ToolItems/IronShovel
tools,Data/Items/ToolItems/IronSword
tools,Data/Items/ToolItems/SteelAx
tools,Data/Items/ToolItems/SteelHoe
tools,Data/Items/ToolItems/SteelPickaxe
tools,Data/Items/ToolItems/SteelShovel
tools,Data/Items/ToolItems/SteelSword
tools,Obj/Products/Tools/CopperAx
tools,Obj/Products/Tools/CopperAxCraftingTable
tools,Obj/Products/Tools/CopperHoe
tools,Obj/Products/Tools/CopperPicaxCraftingTable
tools,Obj/Products/Tools/CopperPickax
tools,Obj/Products/Tools/CopperShovel
tools,Obj/Products/Tools/CopperSword
tools,Obj/Products/Tools/IronAx
tools,Obj/Products/Tools/IronHoe
tools,Obj/Products/Tools/IronPickax
tools,Obj/Products/Tools/IronShovel
tools,Obj/Products/Tools/IronSword
tools,Obj/Products/Tools/SteelAx
tools,Obj/Products/Tools/SteelHoe
tools,Obj/Products/Tools/SteelPickAx
tools,Obj/Products/Tools/SteelSword
tools,Obj/Products/Tools/SteelSword 1
tools,Obj/Products/Tools/steelShovel
mobs,Data/MobClasses/Armadillo
mobs,Data/MobClasses/Deers
mobs,Data/MobClasses/Fish
mobs,Data/MobClasses/Fox
mobs,Data/MobClasses/Frogs
mobs,Data/MobClasses/Slimes
mobs,Obj/Insects/Bee
mobs,Obj/Insects/Butterfly
mobs,Obj/Insects/FireFlies
mobs,Obj/Mobs/Armadillo
mobs,Obj/Mobs/Deer
mobs,Obj/Mobs/Fish
mobs,Obj/Mobs/Fox
mobs,Obj/Mobs/Frog
mobs,Obj/Mobs/Slime
crops,Obj/Nature/AquaticPlants/CatTale
crops,Obj/Nature/AquaticPlants/CatTale2
crops,Obj/Nature/AquaticPlants/Lilypad
crops,Obj/Nature/AquaticPlants/Lilypad2
crops,Obj/Nature/AquaticPlants/Lilypad3
crops,Obj/Nature/AquaticPlants/Lilypad4
crops,Obj/Nature/AquaticPlants/Lilypad5
crops,Obj/Nature/AquaticPlants/Lilypad6
crops,Obj/Nature/AquaticPlants/Lilypad7
crops,Obj/Nature/AquaticPlants/Lilypad8
crops,Obj/Nature/AquaticPlants/SeaWeed
crops,Obj/Nature/AquaticPlants/SeaWeed 2
crops,Obj/Nature/AquaticPlants/SeaWeed 3
crops,Obj/Nature/AquaticPlants/SeaWeed 4
crops,Obj/Nature/AquaticPlants/TallSeaWeed
crops,Obj/Nature/AquaticPlants/TallSeaWeed 1
crops,Obj/Nature/AquaticPlants/TallSeaWeed 2
crops,Obj/Nature/AquaticPlants/TallSeaWeed 3
crops,Obj/Nature/EdiblePlants/BerryBush
crops,Obj/Nature/EdiblePlants/BerryBush 1
crops,Obj/Nature/EdiblePlants/BerryBush 2
crops,Obj/Nature/Farming/BirchTreeSappling
crops,Obj/Nature/Farming/Carot
crops,Obj/Nature/Farming/MapleTreeSappling
crops,Obj/Nature/Farming/OakTreeSappling
crops,Obj/Nature/Farming/PalmTreeSappling
crops,Obj/Nature/Farming/PineTreeSappling
crops,Obj/Nature/Farming/Potato
crops,Obj/Nature/Farming/Pumpkin
crops,Obj/Nature/Farming/SugarBeet
crops,Obj/Nature/Farming/Voidroot
crops,Obj/Nature/Farming/Wheat
crops,Obj/Nature/Flowers/BlueBellFlower
crops,Obj/Nature/Flowers/BlueBellFlower 1
crops,Obj/Nature/Flowers/BlueBellFlower 2
crops,Obj/Nature/Flowers/GlowFlower
crops,Obj/Nature/Flowers/SpiralFlower
crops,Obj/Nature/Flowers/SunnFlower
crops,Obj/Nature/Flowers/SunnFlower 1
crops,Obj/Nature/Flowers/TrumpetFlower
crops,Obj/Nature/Flowers/WhiteBellFLower 2
crops,Obj/Nature/Flowers/WhiteBellFlower
crops,Obj/Nature/Flowers/WhiteBellFlower 1
crops,Obj/Nature/Mushrooms/Dustcap
crops,Obj/Nature/Mushrooms/Frostcap
crops,Obj/Nature/Mushrooms/Goldgill
crops,Obj/Nature/Mushrooms/Muddlecaps
crops,Obj/Nature/Mushrooms/Mushroom
crops,Obj/Nature/Mushrooms/Panlings
crops,Obj/Nature/Mushrooms/PoisonousMushroom
crops,Obj/Nature/Mushrooms/Rustbole
crops,Obj/Nature/Mushrooms/SunnHatShroom
crops,Obj/Nature/Mushrooms/Whitebutton
crops,Obj/Nature/Plants/Cactus
crops,Obj/Nature/Plants/Cactus 1
crops,Obj/Nature/Plants/Cactus 2
crops,Obj/Nature/Plants/ChiliPlant
crops,Obj/Nature/Plants/DeadPlant
crops,Obj/Nature/Plants/DeadPlant 1
crops,Obj/Nature/Plants/SmallCactus
crops,Obj/Nature/Plants/SmallCactus 1
crops,Obj/Nature/Plants/SmallCactus 2
crops,Obj/Nature/Plants/TallGrass
buildings,Obj/Buildings/Anvil
buildings,Obj/Buildings/Anvil2
buildings,Obj/Buildings/BeeHive
buildings,Obj/Buildings/BeeHive2
buildings,Obj/Buildings/Chest
buildings,Obj/Buildings/Chest2
buildings,Obj/Buildings/Composter
buildings,Obj/Buildings/Composter2
buildings,Obj/Buildings/CookingPot
buildings,Obj/Buildings/CraftingTable
buildings,Obj/Buildings/CristalPillar
buildings,Obj/Buildings/Decoration/Bed
buildings,Obj/Buildings/Decoration/Bed 1
buildings,Obj/Buildings/Decoration/Bridge
buildings,Obj/Buildings/Decoration/Bridge 1
buildings,Obj/Buildings/Decoration/FirePit
buildings,Obj/Buildings/Decoration/StonePath
buildings,Obj/Buildings/Decoration/WoodFens
buildings,Obj/Buildings/Decoration/WoodGate
buildings,Obj/Buildings/Decoration/WoodGate 1
buildings,Obj/Buildings/Decoration/WoodPath1
buildings,Obj/Buildings/Decoration/WoodPath2
buildings,Obj/Buildings/Decoration/WoodPath3
buildings,Obj/Buildings/Decoration/WoodenLantern 1
buildings,Obj/Buildings/Decoration/WoodenLantern 2
buildings,Obj/Buildings/Decoration/WoodenLantern 3
buildings,Obj/Buildings/Decoration/WoodenLantern 4
buildings,Obj/Buildings/Exploration/TreasureChests/ForestTreasureChest
buildings,Obj/Buildings/Extractor
buildings,Obj/Buildings/Furnace_Left
buildings,Obj/Buildings/Furnace_Right
buildings,Obj/Buildings/House
buildings,Obj/Buildings/House 1
buildings,Obj/Buildings/Kiln
buildings,Obj/Buildings/Kiln2
buildings,Obj/Buildings/MagicTable
buildings,Obj/Buildings/MagicTable2
buildings,Obj/Buildings/SewingStation_left
buildings,Obj/Buildings/SewingStation_right
buildings,Obj/Buildings/TeleportPillar
buildings,Obj/Buildings/Well
buildings,Obj/Buildings/Well2
buildings,Obj/Buildings/WindMill
buildings,Obj/Buildings/WindMill2
buildings,Obj/Buildings/WorkBench
buildings,Obj/Buildings/WorkBench 2
buildings,Obj/Products/Buildings/Ambos
buildings,Obj/Products/Buildings/Bed
buildings,Obj/Products/Buildings/Beehive
buildings,Obj/Products/Buildings/Chest
buildings,Obj/Products/Buildings/Composter
buildings,Obj/Products/Buildings/CookingPot
buildings,Obj/Products/Buildings/CraftingTable
buildings,Obj/Products/Buildings/Extrtactor
buildings,Obj/Products/Buildings/FirePit
buildings,Obj/Products/Buildings/Furnace
buildings,Obj/Products/Buildings/House
buildings,Obj/Products/Buildings/Kiln
buildings,Obj/Products/Buildings/MagicTable
buildings,Obj/Products/Buildings/SewingStation
buildings,Obj/Products/Buildings/StonePath
buildings,Obj/Products/Buildings/TeleportPillar
buildings,Obj/Products/Buildings/Well
buildings,Obj/Products/Buildings/WindMill
buildings,Obj/Products/Buildings/WoodFens
buildings,Obj/Products/Buildings/WoodGate
buildings,Obj/Products/Buildings/WoodLantern
buildings,Obj/Products/Buildings/WoodPath
buildings,Obj/Products/Buildings/WorkBench
ui,Color Gradient Presets/Blue to Purple - Vertical
ui,Color Gradient Presets/Dark to Light Green - Vertical
ui,Color Gradient Presets/Light to Dark Green - Vertical
ui,Color Gradient Presets/Yellow to Orange - Vertical
ui,DebugUICanvas
ui,DebugUIPersistentCanvas
ui,Fonts & Materials/Anton SDF
ui,Fonts & Materials/Anton SDF - Drop Shadow
ui,Fonts & Materials/Anton SDF - Outline
ui,Fonts & Materials/Anton SDF - Sunny Days
ui,Fonts & Materials/Bangers SDF
ui,Fonts & Materials/Bangers SDF - Drop Shadow
ui,Fonts & Materials/Bangers SDF - Outline
ui,Fonts & Materials/Bangers SDF Glow
ui,Fonts & Materials/Bangers SDF Logo
ui,Fonts & Materials/Electronic Highway Sign SDF
ui,Fonts & Materials/LiberationSans SDF
ui,Fonts & Materials/LiberationSans SDF - Drop Shadow
ui,Fonts & Materials/LiberationSans SDF - Fallback
ui,Fonts & Materials/LiberationSans SDF - Metalic Green
ui,Fonts & Materials/LiberationSans SDF - Outline
ui,Fonts & Materials/LiberationSans SDF - Overlay
ui,Fonts & Materials/LiberationSans SDF - Soft Mask
ui,Fonts & Materials/Oswald Bold SDF
ui,Fonts & Materials/Roboto-Bold SDF
ui,Fonts & Materials/Roboto-Bold SDF - Drop Shadow
ui,Fonts & Materials/Roboto-Bold SDF - Surface
ui,LineBreaking Following Characters
ui,LineBreaking Leading Characters
ui,Obj/UI/BackButton
ui,Obj/UI/BlankSlot
ui,Obj/UI/CategoryButton
ui,Obj/UI/EffectDisplay 1
ui,Obj/UI/EnergyBar
ui,Obj/UI/ErrorMessage
ui,Obj/UI/FastTravelButton
ui,Obj/UI/HealthBar
ui,Obj/UI/HeartContainer
ui,Obj/UI/INGDT
ui,Obj/UI/InfoUI/IngredientInfoDisplay
ui,Obj/UI/IngredientDisplay
ui,Obj/UI/InventoryItemDisplay
ui,Obj/UI/InventorySlot
ui,Obj/UI/Inventorybutton
ui,Obj/UI/ItemBubble
ui,Obj/UI/ItemColectDeisplay
ui,Obj/UI/MaterialColletionDisplay
ui,Obj/UI/Player/Player
ui,Obj/UI/ProcessUIPointer
ui,Obj/UI/Productbutton
ui,Obj/UI/Settings
ui,Obj/UI/SettingsButton
ui,Obj/UI/ShopItem
ui,Obj/UI/ShopTile
ui,Obj/UI/SlimEnergyBar
ui,Obj/UI/StartScreen/WorldDisplay
ui,Obj/UI/StorageButton 1
ui,Obj/UI/TileShopButton
ui,Obj/UI/UIButton
ui,Sprite Assets/Default Sprite Asset
ui,Sprite Assets/DropCap Numbers
ui,Sprite Assets/EmojiOne
ui,Style Sheets/Default Style Sheet
ui,TMP Settings
ui,Tutorial
scenes,SampleScene
scenes,Scenes/SampleScene
scenes,Scenes/StartScreen
other,Graphics/AnimatedWatter
other,Graphics/AnimatedWatterNormalMap
other,Graphics/BlockIcons1
other,Graphics/Blocks/BlockNorrmalMap
other,Graphics/Blocks/ClayBlock
other,Graphics/Blocks/ClayBlock_NorGrid
other,Graphics/Blocks/DirtBlock
other,Graphics/Blocks/DirtBlockRocksAndSeaGrass
other,Graphics/Blocks/DirtBlockRocksAndSeaGrass2
other,Graphics/Blocks/DirtBlockRocksAndSeaGrass2_NorGrid
other,Graphics/Blocks/DirtBlockRocksAndSeaGrass_NorGrid
other,Graphics/Blocks/DirtBlockWithRocks
other,Graphics/Blocks/DirtBlockWithRocks2
other,Graphics/Blocks/DirtBlockWithRocks2_NorGrid
other,Graphics/Blocks/DirtBlockWithRocks_NorGrid
other,Graphics/Blocks/DirtBlock_NorGrid
other,Graphics/Blocks/GrassBlock
other,Graphics/Blocks/GrassBlock2
other,Graphics/Blocks/GrassBlock2_NorGrid
other,Graphics/Blocks/GrassBlock3
other,Graphics/Blocks/GrassBlock3_NorGrid
other,Graphics/Blocks/GrassBlock4
other,Graphics/Blocks/GrassBlock4_NorGrid
other,Graphics/Blocks/GrassBlock5
other,Graphics/Blocks/GrassBlock5_NorGrid
other,Graphics/Blocks/GrassBlock6
other,Graphics/Blocks/GrassBlock6_NorGrid
other,Graphics/Blocks/GrassBlock7
other,Graphics/Blocks/GrassBlock7_NorGrid
other,Graphics/Blocks/GrassBlock8
other,Graphics/Blocks/GrassBlock8_NorGrid
other,Graphics/Blocks/GrassBlock_NorGrid
other,Graphics/Blocks/SandBlock
other,Graphics/Blocks/SandBlock2
other,Graphics/Blocks/SandBlock2_NorGrid
other,Graphics/Blocks/SandBlock3
other,Graphics/Blocks/SandBlock3_NorGrid
other,Graphics/Blocks/SandBlock4
other,Graphics/Blocks/SandBlock4_NorGrid
other,Graphics/Blocks/SandBlock5
other,Graphics/Blocks/SandBlock5_NorGrid
other,Graphics/Blocks/SandBlock6
other,Graphics/Blocks/SandBlock6_NorGrid
other,Graphics/Blocks/SandBlock7
other,Graphics/Blocks/SandBlock7_NorGrid
other,Graphics/Blocks/SandBlock_NorGrid
other,Graphics/Blocks/SnowBlock
other,Graphics/Blocks/SnowBlock2
other,Graphics/Blocks/SnowBlock2_NorGrid
other,Graphics/Blocks/SnowBlock3
other,Graphics/Blocks/SnowBlock3_NorGrid
other,Graphics/Blocks/SnowBlock4
other,Graphics/Blocks/SnowBlock4_NorGrid
other,Graphics/Blocks/SnowBlock5
other,Graphics/Blocks/SnowBlock5_NorGrid
other,Graphics/Blocks/SnowBlock6
other,Graphics/Blocks/SnowBlock6_NorGrid
other,Graphics/Blocks/SnowBlock7
other,Graphics/Blocks/SnowBlock7_NorGrid
other,Graphics/Blocks/SnowBlock8
other,Graphics/Blocks/SnowBlock8_NorGrid
other,Graphics/Blocks/SnowBlock9
other,Graphics/Blocks/SnowBlock9_NorGrid
other,Graphics/Blocks/SnowBlock_NorGrid
other,Graphics/Blocks/SoilBlock
other,Graphics/Blocks/SoilBlockNormalMap
other,Graphics/Blocks/SoilBlock_NorGrid
other,Graphics/Blocks/TransparentBlock
other,Graphics/Blocks/WaterBlock
other,Graphics/Blocks/WaterNormalMap
other,Graphics/Blocks/WoodFloorBlock
other,Graphics/Blocks/WoodFloorBlock10
other,Graphics/Blocks/WoodFloorBlock11
other,Graphics/Blocks/WoodFloorBlock12
other,Graphics/Blocks/WoodFloorBlock2
other,Graphics/Blocks/WoodFloorBlock3
other,Graphics/Blocks/WoodFloorBlock4
other,Graphics/Blocks/WoodFloorBlock5
other,Graphics/Blocks/WoodFloorBlock6
other,Graphics/Blocks/WoodFloorBlock7
other,Graphics/Blocks/WoodFloorBlock8
other,Graphics/Blocks/WoodFloorBlock9
other,Graphics/Blocks/tranparentBlock
other,Graphics/Bridge
other,Graphics/Building Expansion2
other,Graphics/BuildingExpansion
other,Graphics/BuildingExpansionNormalMap
other,Graphics/Buildings/BasicHouse
other,Graphics/Buildings/BasicHouseNormalMap
other,Graphics/Buildings/Beehive
other,Graphics/Buildings/BeehiveNormalMap
other,Graphics/Buildings/Bridge
other,Graphics/Buildings/BridgeNormalMap
other,Graphics/Buildings/Composter
other,Graphics/Buildings/ComposterNormalmap
other,Graphics/Buildings/Extractor
other,Graphics/Buildings/ExtractorNormalMap
other,Graphics/Buildings/Kiln
other,Graphics/Buildings/KilnNormalMap
other,Graphics/Buildings/MagicTable
other,Graphics/Buildings/MagicTableNormalMap
other,Graphics/Buildings/RuinPillars
other,Graphics/Buildings/RuinPillarsNormalMap
other,Graphics/Buildings/TeleportPoint
other,Graphics/Buildings/TeleportPointNormalMap
other,Graphics/Buildings/Well
other,Graphics/Buildings/WellNormralMap
other,Graphics/BuildingsExpansion
other,Graphics/ButtonsUI
other,Graphics/ClackBlocks
other,Graphics/ClackBlocksNormalMap
other,Graphics/Copper
other,Graphics/CopperNormalmap
other,Graphics/CraftingTable
other,Graphics/CraftingTableNormalMap
other,Graphics/Cristall
other,Graphics/Crops/Carots
other,Graphics/Crops/CarotsNormalMap
other,Graphics/Crops/Potato
other,Graphics/Crops/PotatoNormalMap
other,Graphics/Crops/Pumpkin
other,Graphics/Crops/PumpkinNormalMap
other,Graphics/Crops/SugarBeat
other,Graphics/Crops/SugarBeatNormalMap
other,Graphics/Crops/VoidRoot
other,Graphics/Crops/VoidRootNormalMap
other,Graphics/DarkerPineTree
other,Graphics/DesertObjects/SmallDesertObjects
other,Graphics/DesertObjects/SmallDesertObjectsNormalMap
other,Graphics/DirtPath
other,Graphics/DirtPathNormalMap
other,Graphics/Effects/rainsplash
other,Graphics/FirePit
other,Graphics/FirePitNormalMap
other,Graphics/FirstItems
other,Graphics/FloatingSkullAnimationBack
other,Graphics/FloatingSkullAnimationBackex
other,Graphics/FloatingSkullAnimationFront
other,Graphics/FloatingSkullMob
other,Graphics/FloatingSkullNormalMap
other,Graphics/Furnace
other,Graphics/FurnaceNormalMap
other,Graphics/Furniture/Bed
other,Graphics/Furniture/BedNormalMap
other,Graphics/GoldIronCoalStones
other,Graphics/GoldIronCoalStonesNormalMap
other,Graphics/Heart
other,Graphics/ISO-CORE Bridge
other,Graphics/ISO-CORE BridgeNormalMap
other,Graphics/ISO-CORE ColorPalette
other,Graphics/ISO-CORE Desert Biome
other,Graphics/ISO-CORE Desert BiomeNormalMap
other,Graphics/ISO-CORE Font
other,Graphics/ISO-CORE FontBlack
other,Graphics/ISO-CORE LOGO no boarder
other,Graphics/ISO-CORE Paths
other,Graphics/ISO-CORE Paths NormalMaps
other,Graphics/ISO-CORE ReferenceSprites
other,Graphics/ISO-CORE Snow Biome
other,Graphics/ISO-CORE Snow BiomeNormalMap
other,Graphics/ISO-CORE Soil
other,Graphics/ISO-CORE Soil NormalMap
other,Graphics/ISO-CORE UI Production
other,Graphics/ISO-CORE v0.3 graphics update canvas
other,Graphics/ISO-CORE-MapDesign
other,Graphics/Image1
other,Graphics/Image1jjj
other,Graphics/Image2
other,Graphics/Image2 - Kopie
other,Graphics/Image2gggggg
other,Graphics/Image3
other,Graphics/IndoorAreas/WindmillIndoor
other,Graphics/IndoorAreas/WindmillIndoorNormalMap
other,Graphics/InventoryBanner
other,Graphics/InventoryUI
other,Graphics/IronAndGold
other,Graphics/IronTools
other,Graphics/ItemUIBackground
other,Graphics/Items/Image1
other,Graphics/ItemsExtension
other,Graphics/ItemsSandCopperLeatherGlass
other,Graphics/Kiln
other,Graphics/KilnExpansion
other,Graphics/KilnExpansionNormalMap
other,Graphics/KilnNormalMap
other,Graphics/LightTest
other,Graphics/LightTestNormalMap
other,Graphics/Materials/CraftingTable
other,Graphics/Materials/ISO-CORE-MapDesign
other,Graphics/MechanicsUI
other,Graphics/Mobs/FriendlyMobs/Armadillo/Armadillo Idle
other,Graphics/Mobs/FriendlyMobs/Armadillo/Armadillo Walk
other,Graphics/Mobs/FriendlyMobs/Deer/DeerRunningNormalMap
other,Graphics/Mobs/FriendlyMobs/Deer/Deer_Idle_64x64
other,Graphics/Mobs/FriendlyMobs/Deer/Deer_Runing_64x64
other,Graphics/Mobs/FriendlyMobs/Deer/Deer_Standing_64x64
other,Graphics/Mobs/FriendlyMobs/Fish/FishIdle
other,Graphics/Mobs/FriendlyMobs/Fish/FishSwimDown
other,Graphics/Mobs/FriendlyMobs/Fish/FishSwimDownLeft
other,Graphics/Mobs/FriendlyMobs/Fish/FishSwimDownRight
other,Graphics/Mobs/FriendlyMobs/Fish/FishSwimLeft
other,Graphics/Mobs/FriendlyMobs/Fish/FishSwimRight
other,Graphics/Mobs/FriendlyMobs/Fish/FishSwimUp
other,Graphics/Mobs/FriendlyMobs/Fish/FishSwimUpLeft
other,Graphics/Mobs/FriendlyMobs/Fish/FishSwimUpRight
other,Graphics/Mobs/FriendlyMobs/Fish/TestFish
other,Graphics/Mobs/FriendlyMobs/Fox/Fox_Default
other,Graphics/Mobs/FriendlyMobs/Fox/Fox_Default_Run
other,Graphics/Mobs/FriendlyMobs/Fox/Fox_Idle
other,Graphics/Mobs/FriendlyMobs/Fox/Fox_Running
other,Graphics/Mobs/FriendlyMobs/Frog/Frog/Hopping/Frog Hopping B
other,Graphics/Mobs/FriendlyMobs/Frog/Frog/Hopping/Frog Hopping BL
other,Graphics/Mobs/FriendlyMobs/Frog/Frog/Hopping/Frog Hopping BR
other,Graphics/Mobs/FriendlyMobs/Frog/Frog/Hopping/Frog Hopping L
other,Graphics/Mobs/FriendlyMobs/Frog/Frog/Hopping/Frog Hopping R
other,Graphics/Mobs/FriendlyMobs/Frog/Frog/Hopping/Frog Hopping T
other,Graphics/Mobs/FriendlyMobs/Frog/Frog/Hopping/Frog Hopping TL
other,Graphics/Mobs/FriendlyMobs/Frog/Frog/Hopping/Frog Hopping TR
other,Graphics/Mobs/FriendlyMobs/Frog/Frog/Idle/Frog Idle B
other,Graphics/Mobs/FriendlyMobs/Frog/Frog/Idle/Frog Idle BL
other,Graphics/Mobs/FriendlyMobs/Frog/Frog/Idle/Frog Idle BR
other,Graphics/Mobs/FriendlyMobs/Frog/Frog/Idle/Frog Idle L
other,Graphics/Mobs/FriendlyMobs/Frog/Frog/Idle/Frog Idle R
other,Graphics/Mobs/FriendlyMobs/Frog/Frog/Idle/Frog Idle T
other,Graphics/Mobs/FriendlyMobs/Frog/Frog/Idle/Frog Idle TL
other,Graphics/Mobs/FriendlyMobs/Frog/Frog/Idle/Frog Idle TR
other,Graphics/Mobs/FriendlyMobs/Frog/Frog/NormalMaps/FrogNormalMap
other,Graphics/Mobs/Insects/Bee
other,Graphics/Mobs/Insects/Butterfly
other,Graphics/Mobs/Insects/Butterfly_Flying
other,Graphics/Mobs/Insects/Butterfly_Hovering
other,Graphics/Mobs/Insects/Firefly
other,Graphics/MultyDirectionLightTest
other,Graphics/MultyDirectionLightTestNormalMap
other,Graphics/MushRoomIcons2
other,Graphics/MushRooms
other,Graphics/MushRoomsNormalMap
other,Graphics/MushroomExtensionIcons
other,Graphics/MushroomIcons
other,Graphics/Nature/Desert/ChilliPlant
other,Graphics/Nature/Desert/ChilliPlantNormalMap
other,Graphics/Nature/Desert/DesertDecoration
other,Graphics/Nature/Desert/DesertDecorationNormalMap
other,Graphics/Nature/Plants/AquaticPlants/CatTail
other,Graphics/Nature/Plants/AquaticPlants/CatTailNormalmap
other,Graphics/Nature/Plants/AquaticPlants/LilyPads
other,Graphics/Nature/Plants/AquaticPlants/LilyPadsNormalMap
other,Graphics/Nature/Plants/AquaticPlants/SeaGrass
other,Graphics/Nature/Plants/AquaticPlants/SeaGrassNormalMap
other,Graphics/Nature/Plants/AquaticPlants/TallSeaGrass
other,Graphics/Nature/Plants/AquaticPlants/TallSeaGrassNormalMap
other,Graphics/Nature/Plants/EdiblePlants/BellFowerNormalMap
other,Graphics/Nature/Plants/EdiblePlants/BerryBush
other,Graphics/Nature/Plants/Flowers/BellFowerNormalMap
other,Graphics/Nature/Plants/Flowers/BlueBellFower
other,Graphics/Nature/Plants/Flowers/IceFlower
other,Graphics/Nature/Plants/Flowers/IceFlowerNormalMap
other,Graphics/Nature/Plants/Flowers/SunnFlower
other,Graphics/Nature/Plants/Flowers/SunnFlowerNormalMap
other,Graphics/Nature/Plants/Flowers/WhiteBellFower
other,Graphics/Nature/Plants/Flowers/WhiteSpiralFlower
other,Graphics/Nature/Plants/Flowers/WhiteSpiralFlowerNormalmap
other,Graphics/Nature/Plants/Flowers/YellowFlower
other,Graphics/Nature/Plants/Flowers/YellowFlowerNormalMap
other,Graphics/Nature/Trees/Sapplings/Sappling Seeds stages
other,Graphics/Nature/Trees/Sapplings/TreeSapplings
other,Graphics/Nature/Trees/Sapplings/TreeSapplingsNormalMap
other,Graphics/NatureExtension
other,Graphics/NatureExtensionNormalMap
other,Graphics/NewPlayerSprite
other,Graphics/Pallets/InfoPallet/Cursor_0
other,Graphics/Pallets/InfoPallet/Image1_0
other,Graphics/Pallets/InfoPallet/Image1_0 1
other,Graphics/Pallets/InfoPallet/Image1_1
other,Graphics/Pallets/InfoPallet/Image1_2
other,Graphics/Pallets/InfoPallet/Image1_3
other,Graphics/Pallets/InfoPallet/InfoPallet
other,Graphics/Pallets/InfoPallet/selected cell_0
other,Graphics/Pallets/InfoPallet/uiFull3D_0
other,Graphics/Pallets/InfoPallet/white tile
other,Graphics/Pallets/InfoPallet/white tile_0
other,Graphics/Pallets/pallet1/AnimatedWatter_0
other,Graphics/Pallets/pallet1/AnimatedWatter_1
other,Graphics/Pallets/pallet1/AnimatedWatter_10
other,Graphics/Pallets/pallet1/AnimatedWatter_11
other,Graphics/Pallets/pallet1/AnimatedWatter_12
other,Graphics/Pallets/pallet1/AnimatedWatter_13
other,Graphics/Pallets/pallet1/AnimatedWatter_14
other,Graphics/Pallets/pallet1/AnimatedWatter_2
other,Graphics/Pallets/pallet1/AnimatedWatter_3
other,Graphics/Pallets/pallet1/AnimatedWatter_4
other,Graphics/Pallets/pallet1/AnimatedWatter_5
other,Graphics/Pallets/pallet1/AnimatedWatter_6
other,Graphics/Pallets/pallet1/AnimatedWatter_7
other,Graphics/Pallets/pallet1/AnimatedWatter_8
other,Graphics/Pallets/pallet1/AnimatedWatter_9
other,Graphics/Pallets/pallet1/AnimatedWatter_9 1
other,Graphics/Pallets/pallet1/BridgeX
other,Graphics/Pallets/pallet1/BridgeY
other,Graphics/Pallets/pallet1/ClackBlocks_0
other,Graphics/Pallets/pallet1/ClackBlocks_1
other,Graphics/Pallets/pallet1/ClackBlocks_2
other,Graphics/Pallets/pallet1/DirtPath_0
other,Graphics/Pallets/pallet1/DirtPath_1
other,Graphics/Pallets/pallet1/DirtPath_2
other,Graphics/Pallets/pallet1/DirtPath_3
other,Graphics/Pallets/pallet1/DirtPath_4
other,Graphics/Pallets/pallet1/DirtPath_5
other,Graphics/Pallets/pallet1/DirtPath_6
other,Graphics/Pallets/pallet1/DirtPath_7
other,Graphics/Pallets/pallet1/ISO-CORE Desert Biome_1
other,Graphics/Pallets/pallet1/ISO-CORE Desert Biome_1 1
other,Graphics/Pallets/pallet1/ISO-CORE Desert Biome_2
other,Graphics/Pallets/pallet1/ISO-CORE Desert Biome_3
other,Graphics/Pallets/pallet1/ISO-CORE Desert Biome_4
other,Graphics/Pallets/pallet1/ISO-CORE Desert Biome_5
other,Graphics/Pallets/pallet1/ISO-CORE Desert Biome_6
other,Graphics/Pallets/pallet1/ISO-CORE Desert Biome_7
other,Graphics/Pallets/pallet1/ISO-CORE Snow Biome_0
other,Graphics/Pallets/pallet1/ISO-CORE Snow Biome_1
other,Graphics/Pallets/pallet1/ISO-CORE Snow Biome_10
other,Graphics/Pallets/pallet1/ISO-CORE Snow Biome_2
other,Graphics/Pallets/pallet1/ISO-CORE Snow Biome_3
other,Graphics/Pallets/pallet1/ISO-CORE Snow Biome_47
other,Graphics/Pallets/pallet1/ISO-CORE Snow Biome_48
other,Graphics/Pallets/pallet1/ISO-CORE Snow Biome_49
other,Graphics/Pallets/pallet1/ISO-CORE Snow Biome_50
other,Graphics/Pallets/pallet1/ISO-CORE Snow Biome_51
other,Graphics/Pallets/pallet1/ISO-CORE Snow Biome_52
other,Graphics/Pallets/pallet1/ISO-CORE Snow Biome_53
other,Graphics/Pallets/pallet1/ISO-CORE Snow Biome_54
other,Graphics/Pallets/pallet1/ISO-CORE Snow Biome_6
other,Graphics/Pallets/pallet1/ISO-CORE Snow Biome_7
other,Graphics/Pallets/pallet1/ISO-CORE Snow Biome_8
other,Graphics/Pallets/pallet1/ISO-CORE Snow Biome_9
other,Graphics/Pallets/pallet1/ISO-CORE Soil_0
other,Graphics/Pallets/pallet1/ISO-CORE Soil_1
other,Graphics/Pallets/pallet1/ISO-CORE Soil_2
other,Graphics/Pallets/pallet1/LightTest_0
other,Graphics/Pallets/pallet1/New Palette
other,Graphics/Pallets/pallet1/SandTileBoarderExtension_0
other,Graphics/Pallets/pallet1/SandTileBoarderExtension_1
other,Graphics/Pallets/pallet1/SandTileBoarderExtension_10
other,Graphics/Pallets/pallet1/SandTileBoarderExtension_11
other,Graphics/Pallets/pallet1/SandTileBoarderExtension_12
other,Graphics/Pallets/pallet1/SandTileBoarderExtension_13
other,Graphics/Pallets/pallet1/SandTileBoarderExtension_2
other,Graphics/Pallets/pallet1/SandTileBoarderExtension_3
other,Graphics/Pallets/pallet1/SandTileBoarderExtension_4
other,Graphics/Pallets/pallet1/SandTileBoarderExtension_5
other,Graphics/Pallets/pallet1/SandTileBoarderExtension_6
other,Graphics/Pallets/pallet1/SandTileBoarderExtension_7
other,Graphics/Pallets/pallet1/SandTileBoarderExtension_8
other,Graphics/Pallets/pallet1/SandTileBoarderExtension_9
other,Graphics/Pallets/pallet1/Sand_0
other,Graphics/Pallets/pallet1/SnowTileGridExtensionn_0
other,Graphics/Pallets/pallet1/SnowTileGridExtensionn_0 1
other,Graphics/Pallets/pallet1/SnowTileGridExtensionn_1
other,Graphics/Pallets/pallet1/SnowTileGridExtensionn_10
other,Graphics/Pallets/pallet1/SnowTileGridExtensionn_11
other,Graphics/Pallets/pallet1/SnowTileGridExtensionn_12
other,Graphics/Pallets/pallet1/SnowTileGridExtensionn_13
other,Graphics/Pallets/pallet1/SnowTileGridExtensionn_14
other,Graphics/Pallets/pallet1/SnowTileGridExtensionn_15
other,Graphics/Pallets/pallet1/SnowTileGridExtensionn_16
other,Graphics/Pallets/pallet1/SnowTileGridExtensionn_17
other,Graphics/Pallets/pallet1/SnowTileGridExtensionn_2
other,Graphics/Pallets/pallet1/SnowTileGridExtensionn_3
other,Graphics/Pallets/pallet1/SnowTileGridExtensionn_4
other,Graphics/Pallets/pallet1/SnowTileGridExtensionn_5
other,Graphics/Pallets/pallet1/SnowTileGridExtensionn_6
other,Graphics/Pallets/pallet1/SnowTileGridExtensionn_7
other,Graphics/Pallets/pallet1/SnowTileGridExtensionn_8
other,Graphics/Pallets/pallet1/SnowTileGridExtensionn_9
other,Graphics/Pallets/pallet1/Starting set_0
other,Graphics/Pallets/pallet1/Starting set_0 1
other,Graphics/Pallets/pallet1/Starting set_1
other,Graphics/Pallets/pallet1/Starting set_2
other,Graphics/Pallets/pallet1/Starting set_3
other,Graphics/Pallets/pallet1/Starting set_31
other,Graphics/Pallets/pallet1/Starting set_32
other,Graphics/Pallets/pallet1/Starting set_33
other,Graphics/Pallets/pallet1/Starting set_34
other,Graphics/Pallets/pallet1/Starting set_35
other,Graphics/Pallets/pallet1/Starting set_36
other,Graphics/Pallets/pallet1/Starting set_37
other,Graphics/Pallets/pallet1/Starting set_38
other,Graphics/Pallets/pallet1/Starting set_39
other,Graphics/Pallets/pallet1/Starting set_4
other,Graphics/Pallets/pallet1/Starting set_40
other,Graphics/Pallets/pallet1/Starting set_41
other,Graphics/Pallets/pallet1/Starting set_42
other,Graphics/Pallets/pallet1/Starting set_43
other,Graphics/Pallets/pallet1/Starting set_44
other,Graphics/Pallets/pallet1/Starting set_45
other,Graphics/Pallets/pallet1/Starting set_46
other,Graphics/Pallets/pallet1/Starting set_47
other,Graphics/Pallets/pallet1/Starting set_48
other,Graphics/Pallets/pallet1/Starting set_49
other,Graphics/Pallets/pallet1/Starting set_5
other,Graphics/Pallets/pallet1/Starting set_6
other,Graphics/Pallets/pallet1/Starting set_7
other,Graphics/Pallets/pallet1/Starting set_8
other,Graphics/Pallets/pallet1/StonePath_0
other,Graphics/Pallets/pallet1/StonePath_1
other,Graphics/Pallets/pallet1/StonePath_10
other,Graphics/Pallets/pallet1/StonePath_11
other,Graphics/Pallets/pallet1/StonePath_12
other,Graphics/Pallets/pallet1/StonePath_13
other,Graphics/Pallets/pallet1/StonePath_14
other,Graphics/Pallets/pallet1/StonePath_15
other,Graphics/Pallets/pallet1/StonePath_16
other,Graphics/Pallets/pallet1/StonePath_17
other,Graphics/Pallets/pallet1/StonePath_18
other,Graphics/Pallets/pallet1/StonePath_19
other,Graphics/Pallets/pallet1/StonePath_2
other,Graphics/Pallets/pallet1/StonePath_20
other,Graphics/Pallets/pallet1/StonePath_21
other,Graphics/Pallets/pallet1/StonePath_22
other,Graphics/Pallets/pallet1/StonePath_23
other,Graphics/Pallets/pallet1/StonePath_24
other,Graphics/Pallets/pallet1/StonePath_25
other,Graphics/Pallets/pallet1/StonePath_26
other,Graphics/Pallets/pallet1/StonePath_27
other,Graphics/Pallets/pallet1/StonePath_28
other,Graphics/Pallets/pallet1/StonePath_3
other,Graphics/Pallets/pallet1/StonePath_4
other,Graphics/Pallets/pallet1/StonePath_5
other,Graphics/Pallets/pallet1/StonePath_6
other,Graphics/Pallets/pallet1/StonePath_7
other,Graphics/Pallets/pallet1/StonePath_8
other,Graphics/Pallets/pallet1/StonePath_9
other,Graphics/Pallets/pallet1/Water
other,Graphics/Pallets/pallet1/Water 1
other,Graphics/Pallets/pallet1/Water 2
other,Graphics/Pallets/pallet1/Water 3
other,Graphics/Pallets/pallet1/Water 4
other,Graphics/Pallets/pallet1/_NormalMap
other,Graphics/Pallets/pallet1/tranparentBlock_0
other,Graphics/Pilze
other,Graphics/PilzeNormalMap
other,Graphics/PineTree
other,Graphics/PineTreeNormalMap
other,Graphics/PlayerAnimations/Hitting/Hitting B
other,Graphics/PlayerAnimations/Hitting/Hitting BL
other,Graphics/PlayerAnimations/Hitting/Hitting BR
other,Graphics/PlayerAnimations/Hitting/Hitting F
other,Graphics/PlayerAnimations/Hitting/Hitting SL
other,Graphics/PlayerAnimations/Hitting/Hitting SR
other,Graphics/PlayerAnimations/Hitting/Hitting TL
other,Graphics/PlayerAnimations/Hitting/Hitting TR
other,Graphics/PlayerAnimations/Idle/Image1
other,Graphics/PlayerAnimations/Idle/PlayerIdleRight
other,Graphics/PlayerAnimations/Idle/PlayerIdleTopLeft
other,Graphics/PlayerAnimations/Idle/PlayerIdleTopRight
other,Graphics/PlayerAnimations/Idle/PlazerIdleLeft
other,Graphics/PlayerAnimations/Player B
other,Graphics/PlayerAnimations/Player BL
other,Graphics/PlayerAnimations/Player BR
other,Graphics/PlayerAnimations/Player F
other,Graphics/PlayerAnimations/Player SL
other,Graphics/PlayerAnimations/Player SR
other,Graphics/PlayerAnimations/Player TL
other,Graphics/PlayerAnimations/Player TR
other,Graphics/PlayerAnimations/Swimming/PlayerSwimmingDown
other,Graphics/PlayerAnimations/Swimming/PlayerSwimmingDownLeft
other,Graphics/PlayerAnimations/Swimming/PlayerSwimmingDownRight
other,Graphics/PlayerAnimations/Swimming/PlayerSwimmingIdle
other,Graphics/PlayerAnimations/Swimming/PlayerSwimmingLeft
other,Graphics/PlayerAnimations/Swimming/PlayerSwimmingRight
other,Graphics/PlayerAnimations/Swimming/PlayerSwimmingUp
other,Graphics/PlayerAnimations/Swimming/PlayerSwimmingUpLeft
other,Graphics/PlayerAnimations/Swimming/PlayerSwimmingUpRight
other,Graphics/PlayerAnimations/Swimming/SwimmPlaceHolder
other,Graphics/PlayerAnimations/Tools/Ax/Chopping B
other,Graphics/PlayerAnimations/Tools/Ax/Chopping BL
other,Graphics/PlayerAnimations/Tools/Ax/Chopping BR
other,Graphics/PlayerAnimations/Tools/Ax/Chopping F
other,Graphics/PlayerAnimations/Tools/Ax/Chopping L
other,Graphics/PlayerAnimations/Tools/Ax/Chopping R
other,Graphics/PlayerAnimations/Tools/Ax/Chopping TL
other,Graphics/PlayerAnimations/Tools/Ax/Chopping TR
other,Graphics/PlayerAnimations/Tools/Hoe/Farming B
other,Graphics/PlayerAnimations/Tools/Hoe/Farming BL
other,Graphics/PlayerAnimations/Tools/Hoe/Farming BR
other,Graphics/PlayerAnimations/Tools/Hoe/Farming F
other,Graphics/PlayerAnimations/Tools/Hoe/Farming L
other,Graphics/PlayerAnimations/Tools/Hoe/Farming R
other,Graphics/PlayerAnimations/Tools/Hoe/Farming TL
other,Graphics/PlayerAnimations/Tools/Hoe/Farming TR
other,Graphics/PlayerAnimations/Tools/Pickaxe Player/PickAx
other,Graphics/PlayerAnimations/Tools/Sword/Sword B
other,Graphics/PlayerAnimations/Tools/Sword/Sword BL
other,Graphics/PlayerAnimations/Tools/Sword/Sword BR
other,Graphics/PlayerAnimations/Tools/Sword/Sword F
other,Graphics/PlayerAnimations/Tools/Sword/Sword L
other,Graphics/PlayerAnimations/Tools/Sword/Sword R
other,Graphics/PlayerAnimations/Tools/Sword/Sword TL
other,Graphics/PlayerAnimations/Tools/Sword/Sword TR
other,Graphics/PlayerAnimations/Tools/shovel/Digging B
other,Graphics/PlayerAnimations/Tools/shovel/Digging BL
other,Graphics/PlayerAnimations/Tools/shovel/Digging BR
other,Graphics/PlayerAnimations/Tools/shovel/Digging F
other,Graphics/PlayerAnimations/Tools/shovel/Digging L
other,Graphics/PlayerAnimations/Tools/shovel/Digging R
other,Graphics/PlayerAnimations/Tools/shovel/Digging TL
other,Graphics/PlayerAnimations/Tools/shovel/Digging TR
other,Graphics/PlayerFullHitAnimation
other,Graphics/PlayerFullHitAnimationPerlinNoise
other,Graphics/PlayerFullWalkingAnimation
other,Graphics/PlayerFullWalkingAnimationNormalMap
other,Graphics/PlayerHitLeftAnimation
other,Graphics/PlayerHitRightAnimation
other,Graphics/PlayerWaklingAnimation
other,Graphics/PlayerWalkfromcameraAnimation
other,Graphics/PlayerWalkingAnimation
other,Graphics/ProccesUI
other,Graphics/ProcessingUI
other,Graphics/ProcessingUiNew
other,Graphics/RainSplash
other,Graphics/ReworkedStart
other,Graphics/ReworkedStartnormal
other,Graphics/Sand
other,Graphics/SandNormalMap
other,Graphics/SandStoneIcon
other,Graphics/SandTileBoarderExtension
other,Graphics/SandTileBoarderExtensionNormalMap
other,Graphics/SewingStation
other,Graphics/SewingStationNormalMap
other,Graphics/SliameAnimationNormalMap
other,Graphics/SlimeAnimation
other,Graphics/SlimeItem
other,Graphics/Smoke
other,Graphics/SmokeNormalMap
other,Graphics/SnowTileGridExtension
other,Graphics/SnowTileGridExtensionn
other,Graphics/SoilBlockIcon
other,Graphics/Starting set
other,Graphics/Starting set normal
other,Graphics/StonePath
other,Graphics/StonePathNormalMap
other,Graphics/StorageUI
other,Graphics/TallGrass
other,Graphics/TallGrassNormalMap
other,Graphics/Tools
other,Graphics/TreeAnimation
other,Graphics/TreeAnimationNormalMap
other,Graphics/TreeExpansion
other,Graphics/TreeExpansionNormalMap
other,Graphics/TreesWithMushrooms
other,Graphics/TreesWithMushroomsNormalMap
other,Graphics/TutorialTextBox
other,Graphics/UI/BuildingsUI/ItemBubble
other,Graphics/UI/Cursor
other,Graphics/UI/Effects/EffectDisplay
other,Graphics/UI/Effects/EffectIcons
other,Graphics/UI/InfoUI
other,Graphics/UI/Logos/ISO-CORE TextLogo (1)
other,Graphics/UI/Logos/Screenshot 2025-03-24 203555
other,Graphics/UI/Logos/rect137
other,Graphics/UI/PlayerStatsUI
other,Graphics/UI/PlayterStats2
other,Graphics/UI/selected cell
other,Graphics/UI/white tile
other,Graphics/UIBackGrounds
other,Graphics/UIBox
other,Graphics/UICategoryButtons
other,Graphics/UIDraft
other,Graphics/UIHeart
other,Graphics/UI_slider
other,Graphics/UIandFONTtest
other,Graphics/WatterTiles
other,Graphics/WatterTilesNormalMap
other,Graphics/Well
other,Graphics/Wheat
other,Graphics/WheatIcon
other,Graphics/WheatNormalMap
other,Graphics/WindMill
other,Graphics/WindMillNormalMap
other,Graphics/WindmillWingAnimation
other,Graphics/WoodFens
other,Graphics/WoodFensNormalMap
other,Graphics/WoodenLanterns
other,Graphics/WoodenLanternsNormalMap
other,Graphics/WorkSheet2
other,Graphics/WorkSheet2 - Kopie
other,Graphics/Workbench
other,Graphics/WorkbenchNormalMap
other,Graphics/WorldSelectionUI
other,Graphics/cristalPillarAnimation
other,Graphics/cristalPillarAnimationNormalMap
other,Graphics/decorativeFoliage
other,Graphics/fontpatern
other,Graphics/frostCapImg
other,Graphics/green house
other,Graphics/hh
other,Graphics/highlightedToolbar
other,Graphics/sklt
other,Graphics/stoneeeeee
other,Graphics/stoneeeeee normal
other,Graphics/testPlant
other,Graphics/treeleavesonly
other,Graphics/uiFull3D
other,Obj/Effects/RainDrop
other,Obj/Effects/Shadow
other,Obj/Effects/ShadowReciever
other,Obj/Effects/Smoke
other,Obj/Inventory/CollectableItem
other,Obj/Light/Light2.5D
other,Obj/Mechanics/Chunk
other,Obj/Nature/Ruins/Ruin
other,Obj/Nature/Ruins/Ruin Pillar 1
other,Obj/Nature/Ruins/Ruin Pillar 2
other,Obj/Nature/Ruins/Ruin Pillar 3
other,Obj/Nature/Ruins/Ruin10
other,Obj/Nature/Ruins/Ruin11
other,Obj/Nature/Ruins/Ruin12
other,Obj/Nature/Ruins/Ruin13
other,Obj/Nature/Ruins/Ruin14
other,Obj/Nature/Ruins/Ruin15
other,Obj/Nature/Ruins/Ruin16
other,Obj/Nature/Ruins/Ruin2
other,Obj/Nature/Ruins/Ruin3
other,Obj/Nature/Ruins/Ruin4
other,Obj/Nature/Ruins/Ruin5
other,Obj/Nature/Ruins/Ruin6
other,Obj/Nature/Ruins/Ruin7
other,Obj/Nature/Ruins/Ruin8
other,Obj/Nature/Ruins/Ruin9
other,Obj/Nature/StonesAndOres/CoalStone
other,Obj/Nature/StonesAndOres/CoalStone 1
other,Obj/Nature/StonesAndOres/CoalStone 2
other,Obj/Nature/StonesAndOres/CopperStone
other,Obj/Nature/StonesAndOres/CopperStone2
other,Obj/Nature/StonesAndOres/CopperStone3
other,Obj/Nature/StonesAndOres/GoldStone
other,Obj/Nature/StonesAndOres/GoldStone 1
other,Obj/Nature/StonesAndOres/IronStone
other,Obj/Nature/StonesAndOres/IronStone 1
other,Obj/Nature/StonesAndOres/SandCoalStone
other,Obj/Nature/StonesAndOres/SandCoalStone2
other,Obj/Nature/StonesAndOres/SandCoalStone3
other,Obj/Nature/StonesAndOres/SandLimestone
other,Obj/Nature/StonesAndOres/SandLimestone2
other,Obj/Nature/StonesAndOres/SandLimestone3
other,Obj/Nature/StonesAndOres/SandStone
other,Obj/Nature/StonesAndOres/SandStone2
other,Obj/Nature/StonesAndOres/SandStone3
other,Obj/Nature/StonesAndOres/SandStone4
other,Obj/Nature/StonesAndOres/Stone
other,Obj/Nature/StonesAndOres/Stone 1
other,Obj/Nature/StonesAndOres/Stone 2
other,Obj/Nature/StonesAndOres/Stone 3
other,Obj/Nature/StonesAndOres/Stone 4
other,Obj/Nature/Trees/BirchTree
other,Obj/Nature/Trees/MapleTree
other,Obj/Nature/Trees/PalmTree
other,Obj/Nature/Trees/PalmTree 1
other,Obj/Nature/Trees/PalmTree 2
other,Obj/Nature/Trees/PalmTree 3
other,Obj/Nature/Trees/PineTree
other,Obj/Nature/Trees/PineTree 1
other,Obj/Nature/Trees/SnowPineTree
other,Obj/Nature/Trees/SnowPineTree 1
other,Obj/Nature/Trees/SnowPineTree2
other,Obj/Nature/Trees/SnowPineTree3
other,Obj/Nature/Trees/SnowPineTree4
other,Obj/Nature/Trees/TallBirchTree
other,Obj/Nature/Trees/TallMapleTree
other,Obj/Nature/Trees/TallOakTree
other,Obj/Nature/Trees/TallOakTree 1
other,Obj/Nature/Trees/TallPineTree
other,Obj/Nature/Trees/TallPineTree 1
other,Obj/Nature/Trees/Tree
other,Obj/Nature/Trees/Tree 1
other,Obj/Nature/Trees/TreeStump
other,Obj/Nature/Trees/TreeStump2
other,Obj/Nature/Trees/TreeStump3
other,Obj/Nature/Trees/TreeStump4
other,Obj/Nature/Trees/Trunc
other,Obj/Nature/Trees/Trunc2
other,Obj/Nature/Trees/Trunc3
other,Obj/Nature/Trees/Trunc4
other,Obj/Nature/Water/DynamicWater
other,Obj/Nature/decorativeFoliage/Forest/PineTree
other,Obj/Relics/SkeletalRemains
other,Obj/Relics/SkeletalRemains 1
other,Obj/Relics/SkeletalRemains 2
other,Obj/Relics/SkeletalRemains 3
other,Obj/Terrain/Tile
